,Model name,Population,TP,TN,FP,FN,Prevalence,Accuracy,Precision,NPV,FDR,FOR,check_Pos,check_Neg,Recall,FPR,FNR,TNR,check_Pos2,check_Neg2,LR+,LR-,DOR,F1,FBeta,MCC,BM,MK,FM,PT,TS,BA,Ham,Jac(TS),AUC,Image pre-processing(s),ROI-M(s),OFC(s),GAN(s),CVSC time(s),Total time(s)
0,"CVSC1 ('D',)",40.0,12.0,14.0,6.0,8.0,0.5,0.65,0.6667,0.6364,0.3333,0.3636,1.0,1.0,0.6,0.3,0.4,0.7,1.0,1.0,2.0,0.5714,3.5002,0.6316,0.6476,0.3015,0.2999999999999998,0.3030999999999999,0.6325,0.4142,0.4615,0.65,0.35,0.4615,0.65,1.1847620904445648,49.977464616298676,0.22105662226676942,6.100963056087494,100.94611387848855,102.13087596893311
1,"CVSC CNT2 ('T',)",40.0,3.0,20.0,0.0,17.0,0.5,0.575,1.0,0.5405,0.0,0.4595,1.0,1.0,0.15,0.0,0.85,1.0,1.0,1.0,inf,0.85,inf,0.2609,0.4,0.2847,0.1499999999999999,0.5405,0.3873,0.0,0.15,0.575,0.425,0.15,0.575,0.6918182671070099,3.4247715532779694,0.00818684697151184,0.5117885410785675,46.825469988584516,47.517288255691525
2,"CVSC1 ('B', 'T')",40.0,2.0,20.0,0.0,18.0,0.5,0.55,1.0,0.5263,0.0,0.4737,1.0,1.0,0.1,0.0,0.9,1.0,1.0,1.0,inf,0.9,inf,0.1818,0.2957,0.2294,0.10000000000000009,0.5263,0.3162,0.0,0.1,0.55,0.45,0.1,0.55,0.6195804357528687,1.2737159430980682,0.004714351892471313,0.3372231721878052,31.451991778612136,32.071572214365005
3,"CVSC1 ('C',)",40.0,12.0,13.0,7.0,8.0,0.5,0.625,0.6316,0.619,0.3684,0.381,1.0,1.0,0.6,0.35,0.4,0.65,1.0,1.0,1.7143,0.6154,2.7857,0.6154,0.6229,0.2503,0.25,0.25059999999999993,0.6156,0.433,0.4444,0.625,0.375,0.4444,0.625,1.0677220344543457,49.91528359651566,0.21217151880264282,4.282122778892517,90.69784582853318,91.76556786298752
4,"CVSC MOG2 ('O', 'T')",40.0,6.0,20.0,0.0,14.0,0.5,0.65,1.0,0.5882,0.0,0.4118,1.0,1.0,0.3,0.0,0.7,1.0,1.0,1.0,inf,0.7,inf,0.4615,0.6182,0.4201,0.30000000000000004,0.5882000000000001,0.5477,0.0,0.3,0.65,0.35,0.3,0.65,0.8670219779014587,6.413068753480911,0.051361757516860965,1.8416471242904664,32.695828384161,33.562850362062456
5,"CVSC MOG2 ('C', 'O')",40.0,17.0,18.0,2.0,3.0,0.5,0.875,0.8947,0.8571,0.1053,0.1429,1.0,1.0,0.85,0.1,0.15,0.9,1.0,1.0,8.5,0.1667,50.9898,0.8718,0.8824,0.7509,0.75,0.7518,0.8721,0.2554,0.7727,0.875,0.125,0.7727,0.875,0.9072173297405243,22.220375049114228,0.06518568992614746,5.425452399253845,44.346871852874756,45.25408918261528
6,"CVSC1 ('O',)",40.0,12.0,14.0,6.0,8.0,0.5,0.65,0.6667,0.6364,0.3333,0.3636,1.0,1.0,0.6,0.3,0.4,0.7,1.0,1.0,2.0,0.5714,3.5002,0.6316,0.6476,0.3015,0.2999999999999998,0.3030999999999999,0.6325,0.4142,0.4615,0.65,0.35,0.4615,0.65,1.0950005114078523,51.14369770884514,0.20686452388763427,5.289709049463272,97.87191750407219,98.96691801548005
7,"CVSC1 ('C', 'D', 'B', 'T')",40.0,0.0,20.0,0.0,20.0,0.5,0.5,,0.5,,0.5,,1.0,0.0,0.0,1.0,1.0,1.0,1.0,,1.0,,,,,0.0,,,,0.0,0.5,0.5,0.0,0.5,0.6742168545722962,0.0,0.0,0.0,29.124006193876266,29.798223048448563
8,"CVSC CNT2 ('C', 'O', 'T')",40.0,0.0,20.0,0.0,20.0,0.5,0.5,,0.5,,0.5,,1.0,0.0,0.0,1.0,1.0,1.0,1.0,,1.0,,,,,0.0,,,,0.0,0.5,0.5,0.0,0.5,0.6467340052127838,0.0,0.0,0.0,25.528666192293166,26.17540019750595
9,"CVSC CNT2 ('C', 'T')",40.0,0.0,20.0,0.0,20.0,0.5,0.5,,0.5,,0.5,,1.0,0.0,0.0,1.0,1.0,1.0,1.0,,1.0,,,,,0.0,,,,0.0,0.5,0.5,0.0,0.5,0.896858686208725,0.0,0.0,0.0,31.88481965661049,32.78167834281921
10,"CVSC CNT2 ('C', 'O')",40.0,12.0,17.0,3.0,8.0,0.5,0.725,0.8,0.68,0.2,0.32,1.0,1.0,0.6,0.15,0.4,0.85,1.0,1.0,4.0,0.4706,8.4998,0.6857,0.7351,0.4648,0.44999999999999996,0.48,0.6928,0.3333,0.5217,0.725,0.275,0.5217,0.725,0.7075243830680847,24.312683516740798,0.06475777626037597,3.4999843895435334,59.87197649478912,60.57950087785721
11,"CVSC CNT2 ('C', 'O', 'B')",40.0,14.0,15.0,5.0,6.0,0.5,0.725,0.7368,0.7143,0.2632,0.2857,1.0,1.0,0.7,0.25,0.3,0.75,1.0,1.0,2.8,0.4,7.0,0.7179,0.7267,0.4506,0.44999999999999996,0.45110000000000006,0.7182,0.3741,0.56,0.725,0.275,0.56,0.725,0.7841921091079712,26.17631983757019,0.07290986776351929,4.261132097244262,58.385082584619525,59.169274693727495
12,"CVSC MOG2 ('D', 'B')",40.0,16.0,17.0,3.0,4.0,0.5,0.825,0.8421,0.8095,0.1579,0.1905,1.0,1.0,0.8,0.15,0.2,0.85,1.0,1.0,5.3333,0.2353,22.666,0.8205,0.8305,0.6508,0.6499999999999999,0.6516,0.8208,0.3022,0.6957,0.825,0.175,0.6957,0.825,1.1124747931957244,22.674641156196593,0.11705241799354553,2.575095868110657,50.01894115805626,51.13141595125198
13,"CVSC MOG2 ('C', 'D')",40.0,17.0,16.0,4.0,3.0,0.5,0.825,0.8095,0.8421,0.1905,0.1579,1.0,1.0,0.85,0.2,0.15,0.8,1.0,1.0,4.25,0.1875,22.6667,0.8293,0.8198,0.6508,0.6499999999999999,0.6516,0.8295,0.3266,0.7083,0.825,0.175,0.7083,0.825,1.0876694560050963,25.684334641695024,0.15043585300445556,2.944393867254257,47.32987187504769,48.41754133105278
14,"CVSC MOG2 ('O', 'B')",40.0,7.0,20.0,0.0,13.0,0.5,0.675,1.0,0.6061,0.0,0.3939,1.0,1.0,0.35,0.0,0.65,1.0,1.0,1.0,inf,0.65,inf,0.5185,0.6704,0.4606,0.3500000000000001,0.6061000000000001,0.5916,0.0,0.35,0.675,0.325,0.35,0.675,0.9909201323986053,6.859027880430221,0.02591683864593506,2.002953660488129,33.01245406866074,34.003374201059344
15,"CVSC FMT ('C',)",40.0,14.0,14.0,6.0,6.0,0.5,0.7,0.7,0.7,0.3,0.3,1.0,1.0,0.7,0.3,0.3,0.7,1.0,1.0,2.3333,0.4286,5.444,0.7,0.7,0.4,0.3999999999999999,0.3999999999999999,0.7,0.3956,0.5385,0.7,0.3,0.5385,0.7,2.442922842502594,46.907533186674115,0.4430891633033752,3.68271444439888,93.01208587288856,95.45500871539116
16,"CVSC MOG2 ('C', 'D', 'B')",40.0,18.0,17.0,3.0,2.0,0.5,0.875,0.8571,0.8947,0.1429,0.1053,1.0,1.0,0.9,0.15,0.1,0.85,1.0,1.0,6.0,0.1176,51.0204,0.878,0.8681,0.7509,0.75,0.7518,0.8783,0.2899,0.7826,0.875,0.125,0.7826,0.875,1.1420860171318055,24.283877736330034,0.13009264469146728,2.97902272939682,49.88709347844124,51.02917949557305
17,"CVSC MOG2 ('C', 'T')",40.0,14.0,15.0,5.0,6.0,0.5,0.725,0.7368,0.7143,0.2632,0.2857,1.0,1.0,0.7,0.25,0.3,0.75,1.0,1.0,2.8,0.4,7.0,0.7179,0.7267,0.4506,0.44999999999999996,0.45110000000000006,0.7182,0.3741,0.56,0.725,0.275,0.56,0.725,1.2037306308746338,22.229371815919876,0.13289894461631774,4.253599148988724,46.063404047489165,47.2671346783638
18,"CVSC FMT ('C', 'O', 'B', 'T')",40.0,12.0,19.0,1.0,8.0,0.5,0.775,0.9231,0.7037,0.0769,0.2963,1.0,1.0,0.6,0.05,0.4,0.95,1.0,1.0,12.0,0.4211,28.4968,0.7273,0.8079,0.5871,0.5499999999999998,0.6268,0.7442,0.224,0.5714,0.775,0.225,0.5714,0.775,1.8396806180477143,16.65199065208435,0.047073930501937866,2.9733063340187074,51.07059634923935,52.91027696728706
19,"CVSC CNT2 ('C', 'O', 'D', 'B', 'T')",40.0,0.0,20.0,0.0,20.0,0.5,0.5,,0.5,,0.5,,1.0,0.0,0.0,1.0,1.0,1.0,1.0,,1.0,,,,,0.0,,,,0.0,0.5,0.5,0.0,0.5,0.826818323135376,0.0,0.0,0.0,30.059567749500275,30.886386072635652
20,CVSC FMT 0,40.0,19.0,10.0,10.0,1.0,0.5,0.725,0.6552,0.9091,0.3448,0.0909,1.0,1.0,0.95,0.5,0.05,0.5,1.0,1.0,1.9,0.1,19.0,0.7755,0.7138,0.5039,0.44999999999999996,0.5643,0.7889,0.4204,0.6333,0.725,0.275,0.6333,0.725,3.6613020837306975,78.09401229023933,0.731629478931427,11.125110197067261,124.50250491499901,128.1638069987297
21,"CVSC FMT ('C', 'O', 'D')",40.0,14.0,14.0,6.0,6.0,0.5,0.7,0.7,0.7,0.3,0.3,1.0,1.0,0.7,0.3,0.3,0.7,1.0,1.0,2.3333,0.4286,5.444,0.7,0.7,0.4,0.3999999999999999,0.3999999999999999,0.7,0.3956,0.5385,0.7,0.3,0.5385,0.7,1.695564979314804,47.085335159301756,0.2549094557762146,3.3346135795116423,92.60272312760353,94.29828810691833
22,"CVSC FMT ('C', 'D', 'T')",40.0,16.0,19.0,1.0,4.0,0.5,0.875,0.9412,0.8261,0.0588,0.1739,1.0,1.0,0.8,0.05,0.2,0.95,1.0,1.0,16.0,0.2105,76.0095,0.8649,0.8992,0.7586,0.75,0.7673000000000001,0.8677,0.2,0.7619,0.875,0.125,0.7619,0.875,2.689566916227341,27.802074003219605,0.10263115763664246,5.406156849861145,73.88638133406639,76.57594825029373
23,"CVSC CNT2 ('C', 'B', 'T')",40.0,0.0,20.0,0.0,20.0,0.5,0.5,,0.5,,0.5,,1.0,0.0,0.0,1.0,1.0,1.0,1.0,,1.0,,,,,0.0,,,,0.0,0.5,0.5,0.0,0.5,0.8693310678005218,0.0,0.0,0.0,29.138425320386887,30.00775638818741
24,"CVSC1 ('C', 'O', 'T')",40.0,0.0,20.0,0.0,20.0,0.5,0.5,,0.5,,0.5,,1.0,0.0,0.0,1.0,1.0,1.0,1.0,,1.0,,,,,0.0,,,,0.0,0.5,0.5,0.0,0.5,0.6216451704502106,0.0,0.0,0.0,25.593122917413712,26.214768087863924
25,"CVSC CNT2 ('D', 'B')",40.0,16.0,16.0,4.0,4.0,0.5,0.8,0.8,0.8,0.2,0.2,1.0,1.0,0.8,0.2,0.2,0.8,1.0,1.0,4.0,0.25,16.0,0.8,0.8,0.6,0.6000000000000001,0.6000000000000001,0.8,0.3333,0.6667,0.8,0.2,0.6667,0.8,0.7726169645786285,31.48584503531456,0.0960608720779419,3.1051090180873873,63.44800879359245,64.22062575817108
26,"CVSC FMT ('C', 'D', 'B')",40.0,14.0,14.0,6.0,6.0,0.5,0.7,0.7,0.7,0.3,0.3,1.0,1.0,0.7,0.3,0.3,0.7,1.0,1.0,2.3333,0.4286,5.444,0.7,0.7,0.4,0.3999999999999999,0.3999999999999999,0.7,0.3956,0.5385,0.7,0.3,0.5385,0.7,2.1446504652500153,51.4845028936863,0.2635722100734711,5.907854461669922,104.18700852394105,106.33165898919106
27,"CVSC CNT2 ('C', 'O', 'B', 'T')",40.0,0.0,20.0,0.0,20.0,0.5,0.5,,0.5,,0.5,,1.0,0.0,0.0,1.0,1.0,1.0,1.0,,1.0,,,,,0.0,,,,0.0,0.5,0.5,0.0,0.5,0.8809679090976715,0.0,0.0,0.0,31.395031017065048,32.27599892616272
28,"CVSC MOG2 ('B', 'T')",40.0,15.0,20.0,0.0,5.0,0.5,0.875,1.0,0.8,0.0,0.2,1.0,1.0,0.75,0.0,0.25,1.0,1.0,1.0,inf,0.25,inf,0.8571,0.9189,0.7746,0.75,0.8,0.866,0.0,0.75,0.875,0.125,0.75,0.875,1.0425743877887725,18.891873520612716,0.037706851959228516,2.9674290776252747,42.39006834626198,43.43264273405075
29,"CVSC FMT ('C', 'O', 'B')",40.0,14.0,14.0,6.0,6.0,0.5,0.7,0.7,0.7,0.3,0.3,1.0,1.0,0.7,0.3,0.3,0.7,1.0,1.0,2.3333,0.4286,5.444,0.7,0.7,0.4,0.3999999999999999,0.3999999999999999,0.7,0.3956,0.5385,0.7,0.3,0.5385,0.7,1.7211308360099793,49.76166296005249,0.2567399203777313,4.402946364879608,98.1494760632515,99.87060689926147
30,CVSC MOG2 0,40.0,16.0,20.0,0.0,4.0,0.5,0.9,1.0,0.8333,0.0,0.1667,1.0,1.0,0.8,0.0,0.2,1.0,1.0,1.0,inf,0.2,inf,0.8889,0.9379,0.8165,0.8,0.8332999999999999,0.8944,0.0,0.8,0.9,0.1,0.8,0.9,1.480931168794632,28.72982590198517,0.13296931982040405,5.0295436680316925,57.12007777690887,58.601008945703505
31,"CVSC CNT2 ('O', 'B')",40.0,17.0,13.0,7.0,3.0,0.5,0.75,0.7083,0.8125,0.2917,0.1875,1.0,1.0,0.85,0.35,0.15,0.65,1.0,1.0,2.4286,0.2308,10.5225,0.7727,0.741,0.5103,0.5,0.5207999999999999,0.7759,0.3909,0.6296,0.75,0.25,0.6296,0.75,1.0466897070407868,58.60434468388557,0.2676309525966644,11.756524276733398,108.48531946539879,109.53200917243957
32,"CVSC FMT ('C', 'O', 'D', 'B')",40.0,14.0,14.0,6.0,6.0,0.5,0.7,0.7,0.7,0.3,0.3,1.0,1.0,0.7,0.3,0.3,0.7,1.0,1.0,2.3333,0.4286,5.444,0.7,0.7,0.4,0.3999999999999999,0.3999999999999999,0.7,0.3956,0.5385,0.7,0.3,0.5385,0.7,1.7420854091644287,48.223073315620425,0.25375834107398987,4.045883369445801,95.0479759633541,96.79006137251854
33,"CVSC FMT ('O', 'D', 'T')",40.0,7.0,20.0,0.0,13.0,0.5,0.675,1.0,0.6061,0.0,0.3939,1.0,1.0,0.35,0.0,0.65,1.0,1.0,1.0,inf,0.65,inf,0.5185,0.6704,0.4606,0.3500000000000001,0.6061000000000001,0.5916,0.0,0.35,0.675,0.325,0.35,0.675,2.865297317504883,11.425867009162904,0.06704342961311341,3.8759803771972647,51.80156348347664,54.666860800981524
34,"CVSC FMT ('C', 'D', 'B', 'T')",40.0,16.0,19.0,1.0,4.0,0.5,0.875,0.9412,0.8261,0.0588,0.1739,1.0,1.0,0.8,0.05,0.2,0.95,1.0,1.0,16.0,0.2105,76.0095,0.8649,0.8992,0.7586,0.75,0.7673000000000001,0.8677,0.2,0.7619,0.875,0.125,0.7619,0.875,2.0212032079696653,25.383204317092897,0.10823930501937866,4.849487024545669,67.15858393907547,69.17978714704513
35,"CVSC MOG2 ('T',)",40.0,16.0,20.0,0.0,4.0,0.5,0.9,1.0,0.8333,0.0,0.1667,1.0,1.0,0.8,0.0,0.2,1.0,1.0,1.0,inf,0.2,inf,0.8889,0.9379,0.8165,0.8,0.8332999999999999,0.8944,0.0,0.8,0.9,0.1,0.8,0.9,0.9905249834060669,23.766727483272554,0.0808665931224823,3.901416230201721,46.31083679199219,47.301361775398256
36,"CVSC CNT2 ('D',)",40.0,18.0,15.0,5.0,2.0,0.5,0.825,0.7826,0.8824,0.2174,0.1176,1.0,1.0,0.9,0.25,0.1,0.75,1.0,1.0,3.6,0.1333,27.0068,0.8372,0.8106,0.6574,0.6499999999999999,0.665,0.8392,0.3451,0.72,0.825,0.175,0.72,0.825,0.9680314540863038,54.41387898921967,0.18562543392181396,9.02807276248932,103.63522805571556,104.60325950980186
37,"CVSC1 ('O', 'T')",40.0,0.0,20.0,0.0,20.0,0.5,0.5,,0.5,,0.5,,1.0,0.0,0.0,1.0,1.0,1.0,1.0,,1.0,,,,,0.0,,,,0.0,0.5,0.5,0.0,0.5,0.6704130291938781,0.0,0.0,0.0,28.210039961338044,28.88045299053192
38,"CVSC FMT ('C', 'D')",40.0,14.0,14.0,6.0,6.0,0.5,0.7,0.7,0.7,0.3,0.3,1.0,1.0,0.7,0.3,0.3,0.7,1.0,1.0,2.3333,0.4286,5.444,0.7,0.7,0.4,0.3999999999999999,0.3999999999999999,0.7,0.3956,0.5385,0.7,0.3,0.5385,0.7,1.6965181529521942,47.09517412185669,0.25897436738014223,3.3738464057445525,92.6780845463276,94.37460269927979
39,"CVSC CNT2 ('C', 'O', 'D', 'T')",40.0,0.0,20.0,0.0,20.0,0.5,0.5,,0.5,,0.5,,1.0,0.0,0.0,1.0,1.0,1.0,1.0,,1.0,,,,,0.0,,,,0.0,0.5,0.5,0.0,0.5,0.7062882006168365,0.0,0.0,0.0,31.16845005750656,31.874738258123397
40,"CVSC1 ('D', 'T')",40.0,2.0,20.0,0.0,18.0,0.5,0.55,1.0,0.5263,0.0,0.4737,1.0,1.0,0.1,0.0,0.9,1.0,1.0,1.0,inf,0.9,inf,0.1818,0.2957,0.2294,0.10000000000000009,0.5263,0.3162,0.0,0.1,0.55,0.45,0.1,0.55,0.5574440360069275,1.1846674919128417,0.004796385765075684,0.3132103681564331,26.153672182559966,26.711116218566893
41,"CVSC CNT2 ('C',)",40.0,16.0,13.0,7.0,4.0,0.5,0.725,0.6957,0.7647,0.3043,0.2353,1.0,1.0,0.8,0.35,0.2,0.65,1.0,1.0,2.2857,0.3077,7.4283,0.7442,0.7206,0.4551,0.4500000000000002,0.4603999999999999,0.746,0.3981,0.5926,0.725,0.275,0.5926,0.725,0.8295274615287781,40.40053505897522,0.1163890540599823,6.200282859802246,74.26919341683387,75.09872087836266
42,"CVSC1 ('O', 'D')",40.0,9.0,16.0,4.0,11.0,0.5,0.625,0.6923,0.5926,0.3077,0.4074,1.0,1.0,0.45,0.2,0.55,0.8,1.0,1.0,2.25,0.6875,3.2727,0.5455,0.6059,0.2669,0.25,0.28489999999999993,0.5582,0.4,0.375,0.625,0.375,0.375,0.625,0.9777527391910553,45.78025923371315,0.15849475264549256,5.694106155633927,98.49481200575829,99.47256474494934
43,"CVSC CNT2 ('B', 'T')",40.0,2.0,19.0,1.0,18.0,0.5,0.525,0.6667,0.5135,0.3333,0.4865,1.0,1.0,0.1,0.05,0.9,0.95,1.0,1.0,2.0,0.9474,2.111,0.1739,0.2667,0.0949,0.050000000000000044,0.18019999999999992,0.2582,0.4142,0.0952,0.525,0.475,0.0952,0.525,0.6313291966915131,3.5968098104000092,0.00850214958190918,0.6422338962554932,36.30494480729103,36.93627400398255
44,"CVSC1 ('O', 'D', 'B', 'T')",40.0,1.0,20.0,0.0,19.0,0.5,0.525,1.0,0.5128,0.0,0.4872,1.0,1.0,0.05,0.0,0.95,1.0,1.0,1.0,inf,0.95,inf,0.0952,0.1659,0.1601,0.050000000000000044,0.5127999999999999,0.2236,0.0,0.05,0.525,0.475,0.05,0.525,0.6620550990104676,0.6019142508506775,0.0020338952541351317,0.16628480553627017,28.65585771203041,29.317912811040877
45,"CVSC1 ('C', 'D')",40.0,11.0,15.0,5.0,9.0,0.5,0.65,0.6875,0.625,0.3125,0.375,1.0,1.0,0.55,0.25,0.45,0.75,1.0,1.0,2.2,0.6,3.6667,0.6111,0.6448,0.3062,0.30000000000000004,0.3125,0.6149,0.4027,0.44,0.65,0.35,0.44,0.65,1.0391329526901245,45.588647031784056,0.19070271849632264,4.127122944593429,96.19463057518006,97.23376352787018
46,"CVSC1 ('D', 'B', 'T')",40.0,0.0,20.0,0.0,20.0,0.5,0.5,,0.5,,0.5,,1.0,0.0,0.0,1.0,1.0,1.0,1.0,,1.0,,,,,0.0,,,,0.0,0.5,0.5,0.0,0.5,0.6615107357501984,0.0,0.0,0.0,27.296011501550673,27.95752223730087
47,"CVSC MOG2 ('C', 'O', 'D')",40.0,16.0,18.0,2.0,4.0,0.5,0.85,0.8889,0.8182,0.1111,0.1818,1.0,1.0,0.8,0.1,0.2,0.9,1.0,1.0,8.0,0.2222,36.0036,0.8421,0.8635,0.7035,0.7000000000000002,0.7071000000000001,0.8433,0.2612,0.7273,0.85,0.15,0.7273,0.85,1.2971331775188446,23.244337743520738,0.07131697535514832,4.391236859560013,49.36698259711265,50.6641157746315
48,"CVSC FMT ('B',)",40.0,13.0,14.0,6.0,7.0,0.5,0.675,0.6842,0.6667,0.3158,0.3333,1.0,1.0,0.65,0.3,0.35,0.7,1.0,1.0,2.1667,0.5,4.3334,0.6667,0.6748,0.3504,0.3500000000000001,0.3509,0.6669,0.4045,0.5,0.675,0.325,0.5,0.675,2.871993678808212,44.79919925928116,0.41214545965194704,3.5604475319385527,94.55478093028069,97.4267746090889
49,"CVSC1 ('C', 'O', 'D')",40.0,9.0,17.0,3.0,11.0,0.5,0.65,0.75,0.6071,0.25,0.3929,1.0,1.0,0.45,0.15,0.55,0.85,1.0,1.0,3.0,0.6471,4.6361,0.5625,0.6375,0.3273,0.30000000000000004,0.3571,0.5809,0.366,0.3913,0.65,0.35,0.3913,0.65,0.9199598073959351,36.178240942955014,0.1279169499874115,3.481138974428177,89.66941145658492,90.58937126398087
50,"CVSC MOG2 ('C', 'O', 'T')",40.0,17.0,18.0,2.0,3.0,0.5,0.875,0.8947,0.8571,0.1053,0.1429,1.0,1.0,0.85,0.1,0.15,0.9,1.0,1.0,8.5,0.1667,50.9898,0.8718,0.8824,0.7509,0.75,0.7518,0.8721,0.2554,0.7727,0.875,0.125,0.7727,0.875,0.8231513679027558,20.63757610321045,0.05683423280715942,3.31186386346817,39.92888200879097,40.752033376693724
51,"CVSC FMT ('O', 'D', 'B')",40.0,15.0,13.0,7.0,5.0,0.5,0.7,0.6818,0.7222,0.3182,0.2778,1.0,1.0,0.75,0.35,0.25,0.65,1.0,1.0,2.1429,0.3846,5.5718,0.7143,0.6986,0.402,0.3999999999999999,0.4039999999999999,0.7151,0.4059,0.5556,0.7,0.3,0.5556,0.7,3.901210790872574,45.73196007013321,0.31671980023384094,8.849542647600174,102.17545522451401,106.07666601538658
52,"CVSC1 ('O', 'D', 'B')",40.0,11.0,17.0,3.0,9.0,0.5,0.7,0.7857,0.6538,0.2143,0.3462,1.0,1.0,0.55,0.15,0.45,0.85,1.0,1.0,3.6667,0.5294,6.9261,0.6471,0.7057,0.4193,0.3999999999999999,0.4395,0.6574,0.3431,0.4783,0.7,0.3,0.4783,0.7,1.3037144660949707,50.27228612303734,0.18524696826934814,7.431316494941711,107.19588977694511,108.49960424304008
53,"CVSC FMT ('T',)",40.0,16.0,18.0,2.0,4.0,0.5,0.85,0.8889,0.8182,0.1111,0.1818,1.0,1.0,0.8,0.1,0.2,0.9,1.0,1.0,8.0,0.2222,36.0036,0.8421,0.8635,0.7035,0.7000000000000002,0.7071000000000001,0.8433,0.2612,0.7273,0.85,0.15,0.7273,0.85,2.6381383299827577,34.33467571139336,0.11978405117988586,4.158248311281204,73.34564887285232,75.98378720283509
54,"CVSC FMT ('D', 'B', 'T')",40.0,14.0,18.0,2.0,6.0,0.5,0.8,0.875,0.75,0.125,0.25,1.0,1.0,0.7,0.1,0.3,0.9,1.0,1.0,7.0,0.3333,21.0021,0.7778,0.8207,0.6124,0.6000000000000001,0.625,0.7826,0.2743,0.6364,0.8,0.2,0.6364,0.8,1.2678578972816468,23.923518961668016,0.07346879243850708,2.1440778613090514,61.11487687826157,62.38273477554321
55,"CVSC MOG2 ('C', 'O', 'B', 'T')",40.0,13.0,18.0,2.0,7.0,0.5,0.775,0.8667,0.72,0.1333,0.28,1.0,1.0,0.65,0.1,0.35,0.9,1.0,1.0,6.5,0.3889,16.7138,0.7429,0.7964,0.568,0.55,0.5867,0.7506,0.2817,0.5909,0.775,0.225,0.5909,0.775,2.0605552554130555,17.58474177122116,0.09402026534080506,5.042681074142456,46.274794089794156,48.33534934520721
56,"CVSC CNT2 ('O',)",40.0,20.0,15.0,5.0,0.0,0.5,0.875,0.8,1.0,0.2,0.0,1.0,1.0,1.0,0.25,0.0,0.75,1.0,1.0,4.0,0.0,inf,0.8889,0.8447,0.7746,0.75,0.8,0.8944,0.3333,0.8,0.875,0.125,0.8,0.875,0.8481749296188354,54.693194603919984,0.14679598808288574,7.918034029006958,97.92715067267417,98.77532560229301
57,"CVSC CNT2 ('C', 'O', 'D')",40.0,13.0,17.0,3.0,7.0,0.5,0.75,0.8125,0.7083,0.1875,0.2917,1.0,1.0,0.65,0.15,0.35,0.85,1.0,1.0,4.3333,0.4118,10.5228,0.7222,0.7621,0.5103,0.5,0.5207999999999999,0.7267,0.3245,0.5652,0.75,0.25,0.5652,0.75,0.6298571646213531,25.010238188505173,0.0699346125125885,3.485969054698944,60.10540546178818,60.73526262640953
58,"CVSC MOG2 ('B',)",40.0,15.0,20.0,0.0,5.0,0.5,0.875,1.0,0.8,0.0,0.2,1.0,1.0,0.75,0.0,0.25,1.0,1.0,1.0,inf,0.25,inf,0.8571,0.9189,0.7746,0.75,0.8,0.866,0.0,0.75,0.875,0.125,0.75,0.875,0.8301585972309112,18.798064935207368,0.03713791370391846,3.0767095923423766,42.263301342725754,43.09345993995667
59,"CVSC MOG2 ('C', 'O', 'D', 'B', 'T')",40.0,16.0,18.0,2.0,4.0,0.5,0.85,0.8889,0.8182,0.1111,0.1818,1.0,1.0,0.8,0.1,0.2,0.9,1.0,1.0,8.0,0.2222,36.0036,0.8421,0.8635,0.7035,0.7000000000000002,0.7071000000000001,0.8433,0.2612,0.7273,0.85,0.15,0.7273,0.85,1.2229914665222168,22.121152776479722,0.06028211712837219,2.8622535526752473,47.68380672335625,48.906798189878465
60,"CVSC1 ('C', 'O', 'D', 'B', 'T')",40.0,2.0,20.0,0.0,18.0,0.5,0.55,1.0,0.5263,0.0,0.4737,1.0,1.0,0.1,0.0,0.9,1.0,1.0,1.0,inf,0.9,inf,0.1818,0.2957,0.2294,0.10000000000000009,0.5263,0.3162,0.0,0.1,0.55,0.45,0.1,0.55,0.6473540008068085,1.571801263093948,0.0043514490127563475,0.3195014536380768,29.370161765813826,30.017515766620637
61,CVSC1 0,40.0,14.0,14.0,6.0,6.0,0.5,0.7,0.7,0.7,0.3,0.3,1.0,1.0,0.7,0.3,0.3,0.7,1.0,1.0,2.3333,0.4286,5.444,0.7,0.7,0.4,0.3999999999999999,0.3999999999999999,0.7,0.3956,0.5385,0.7,0.3,0.5385,0.7,1.479891723394394,49.28351867794991,0.27945764660835265,5.325215512514115,98.08720568418502,99.56709740757942
62,"CVSC1 ('C', 'D', 'T')",40.0,0.0,20.0,0.0,20.0,0.5,0.5,,0.5,,0.5,,1.0,0.0,0.0,1.0,1.0,1.0,1.0,,1.0,,,,,0.0,,,,0.0,0.5,0.5,0.0,0.5,0.7251262545585633,0.0,0.0,0.0,28.2090493619442,28.934175616502763
63,"CVSC1 ('C', 'D', 'B')",40.0,13.0,15.0,5.0,7.0,0.5,0.7,0.7222,0.6818,0.2778,0.3182,1.0,1.0,0.65,0.25,0.35,0.75,1.0,1.0,2.6,0.4667,5.571,0.6842,0.7016,0.402,0.3999999999999999,0.4039999999999999,0.6851,0.3828,0.52,0.7,0.3,0.52,0.7,1.171226054430008,51.036955803632736,0.18768356442451478,6.306046062707901,102.88729003071785,104.05851608514786
64,"CVSC FMT ('O',)",40.0,15.0,16.0,4.0,5.0,0.5,0.775,0.7895,0.7619,0.2105,0.2381,1.0,1.0,0.75,0.2,0.25,0.8,1.0,1.0,3.75,0.3125,12.0,0.7692,0.7786,0.5507,0.55,0.5514000000000001,0.7695,0.3405,0.625,0.775,0.225,0.625,0.775,2.9073369562625886,28.428383177518846,0.29920212626457215,3.8833902418613433,61.37650651931763,64.28384347558021
65,"CVSC FMT ('O', 'B')",40.0,16.0,14.0,6.0,4.0,0.5,0.75,0.7273,0.7778,0.2727,0.2222,1.0,1.0,0.8,0.3,0.2,0.7,1.0,1.0,2.6667,0.2857,9.3339,0.7619,0.7452,0.5025,0.5,0.5051000000000001,0.7628,0.3798,0.6154,0.75,0.25,0.6154,0.75,3.1246601581573485,31.114628112316133,0.3009643733501434,7.001468604803085,62.49526941180229,65.61992956995964
66,"CVSC FMT ('C', 'O', 'D', 'T')",40.0,13.0,19.0,1.0,7.0,0.5,0.8,0.9286,0.7308,0.0714,0.2692,1.0,1.0,0.65,0.05,0.35,0.95,1.0,1.0,13.0,0.3684,35.2877,0.7647,0.834,0.629,0.6000000000000001,0.6594,0.7769,0.2171,0.619,0.8,0.2,0.619,0.8,1.327092570066452,21.454866284132002,0.0459994912147522,2.8049286723136904,64.52863226532936,65.85572483539582
67,"CVSC1 ('C', 'T')",40.0,0.0,20.0,0.0,20.0,0.5,0.5,,0.5,,0.5,,1.0,0.0,0.0,1.0,1.0,1.0,1.0,,1.0,,,,,0.0,,,,0.0,0.5,0.5,0.0,0.5,0.5805717587471009,0.0,0.0,0.0,26.972145080566406,27.552716839313508
68,"CVSC MOG2 ('C', 'B')",40.0,14.0,17.0,3.0,6.0,0.5,0.775,0.8235,0.7391,0.1765,0.2609,1.0,1.0,0.7,0.15,0.3,0.85,1.0,1.0,4.6667,0.3529,13.2239,0.7567,0.7868,0.5563,0.5499999999999998,0.5626,0.7592,0.3164,0.6087,0.775,0.225,0.6087,0.775,1.0364880025386811,19.1682939350605,0.057045376300811766,3.109687089920044,45.371303242444995,46.40779124498367
69,"CVSC MOG2 ('D', 'T')",40.0,17.0,16.0,4.0,3.0,0.5,0.825,0.8095,0.8421,0.1905,0.1579,1.0,1.0,0.85,0.2,0.15,0.8,1.0,1.0,4.25,0.1875,22.6667,0.8293,0.8198,0.6508,0.6499999999999999,0.6516,0.8295,0.3266,0.7083,0.825,0.175,0.7083,0.825,1.1745948612689971,25.94467082619667,0.1516411066055298,3.718485713005066,47.00647793412209,48.18107279539108
70,"CVSC CNT2 ('O', 'D')",40.0,15.0,17.0,3.0,5.0,0.5,0.8,0.8333,0.7727,0.1667,0.2273,1.0,1.0,0.75,0.15,0.25,0.85,1.0,1.0,5.0,0.2941,17.001,0.7895,0.8095,0.603,0.6000000000000001,0.6060000000000001,0.7906,0.309,0.6522,0.8,0.2,0.6522,0.8,0.7939498364925385,34.33142966628075,0.09654781818389893,6.844458055496216,87.50479093194008,88.29874076843262
71,"CVSC1 ('C', 'O', 'B', 'T')",40.0,2.0,20.0,0.0,18.0,0.5,0.55,1.0,0.5263,0.0,0.4737,1.0,1.0,0.1,0.0,0.9,1.0,1.0,1.0,inf,0.9,inf,0.1818,0.2957,0.2294,0.10000000000000009,0.5263,0.3162,0.0,0.1,0.55,0.45,0.1,0.55,0.6871781468391418,1.7546375036239623,0.004796284437179566,0.30703444480895997,29.68186185359955,30.36904000043869
72,"CVSC1 ('D', 'B')",40.0,12.0,16.0,4.0,8.0,0.5,0.7,0.75,0.6667,0.25,0.3333,1.0,1.0,0.6,0.2,0.4,0.8,1.0,1.0,3.0,0.5,6.0,0.6667,0.7034,0.4082,0.3999999999999999,0.41670000000000007,0.6708,0.366,0.5,0.7,0.3,0.5,0.7,1.1616129159927369,46.16232232451439,0.17865575551986695,3.372650223970413,91.78765344023705,92.94926635622978
73,"CVSC FMT ('C', 'O', 'T')",40.0,12.0,19.0,1.0,8.0,0.5,0.775,0.9231,0.7037,0.0769,0.2963,1.0,1.0,0.6,0.05,0.4,0.95,1.0,1.0,12.0,0.4211,28.4968,0.7273,0.8079,0.5871,0.5499999999999998,0.6268,0.7442,0.224,0.5714,0.775,0.225,0.5714,0.775,1.2510620176792144,17.92010532617569,0.041217041015625,2.8268573760986326,51.82565056681633,53.076712584495546
74,"CVSC CNT2 ('C', 'D', 'T')",40.0,0.0,20.0,0.0,20.0,0.5,0.5,,0.5,,0.5,,1.0,0.0,0.0,1.0,1.0,1.0,1.0,,1.0,,,,,0.0,,,,0.0,0.5,0.5,0.0,0.5,0.7420290112495422,0.0,0.0,0.0,29.269589173793793,30.011618185043336
75,"CVSC CNT2 ('D', 'T')",40.0,1.0,19.0,1.0,19.0,0.5,0.5,0.5,0.5,0.5,0.5,1.0,1.0,0.05,0.05,0.95,0.95,1.0,1.0,1.0,1.0,1.0,0.0909,0.1478,0.0,0.0,0.0,0.1581,0.5,0.0476,0.5,0.5,0.0476,0.5,0.5791291892528534,1.6598104894161225,0.0052659869194030765,0.3286223649978638,32.09836213588714,32.67749132514
76,"CVSC CNT2 ('O', 'T')",40.0,2.0,19.0,1.0,18.0,0.5,0.525,0.6667,0.5135,0.3333,0.4865,1.0,1.0,0.1,0.05,0.9,0.95,1.0,1.0,2.0,0.9474,2.111,0.1739,0.2667,0.0949,0.050000000000000044,0.18019999999999992,0.2582,0.4142,0.0952,0.525,0.475,0.0952,0.525,0.5925991892814636,2.378791218996048,0.010727620124816895,0.367270427942276,36.58106919527054,37.173668384552
77,"CVSC CNT2 ('B',)",40.0,17.0,14.0,6.0,3.0,0.5,0.775,0.7391,0.8235,0.2609,0.1765,1.0,1.0,0.85,0.3,0.15,0.7,1.0,1.0,2.8333,0.2143,13.2212,0.7907,0.7655,0.5563,0.5499999999999998,0.5626,0.7926,0.3727,0.6538,0.775,0.225,0.6538,0.775,0.8999667763710022,48.7916755259037,0.11389610767364503,3.8734628677368166,92.79222663640977,93.69219341278077
78,"CVSC FMT ('B', 'T')",40.0,14.0,19.0,1.0,6.0,0.5,0.825,0.9333,0.76,0.0667,0.24,1.0,1.0,0.7,0.05,0.3,0.95,1.0,1.0,14.0,0.3158,44.3319,0.8,0.8576,0.6713,0.6499999999999999,0.6933,0.8083,0.2109,0.6667,0.825,0.175,0.6667,0.825,3.229141670465469,29.18371769785881,0.14035587310791015,8.587509512901306,88.3086971282959,91.53783879876137
79,"CVSC CNT2 ('C', 'D')",40.0,19.0,14.0,6.0,1.0,0.5,0.825,0.76,0.9333,0.24,0.0667,1.0,1.0,0.95,0.3,0.05,0.7,1.0,1.0,3.1667,0.0714,44.3515,0.8444,0.8025,0.6713,0.6499999999999999,0.6933,0.8497,0.3598,0.7308,0.825,0.175,0.7308,0.825,0.8263061881065369,49.41610273718834,0.13007826805114747,6.591639083623886,83.78425264954566,84.6105588376522
80,"CVSC1 ('O', 'D', 'T')",40.0,2.0,20.0,0.0,18.0,0.5,0.55,1.0,0.5263,0.0,0.4737,1.0,1.0,0.1,0.0,0.9,1.0,1.0,1.0,inf,0.9,inf,0.1818,0.2957,0.2294,0.10000000000000009,0.5263,0.3162,0.0,0.1,0.55,0.45,0.1,0.55,0.593240374326706,1.0972225308418273,0.0059877514839172365,0.22694501876831055,27.066050654649736,27.65929102897644
81,"CVSC FMT ('D', 'T')",40.0,14.0,19.0,1.0,6.0,0.5,0.825,0.9333,0.76,0.0667,0.24,1.0,1.0,0.7,0.05,0.3,0.95,1.0,1.0,14.0,0.3158,44.3319,0.8,0.8576,0.6713,0.6499999999999999,0.6933,0.8083,0.2109,0.6667,0.825,0.175,0.6667,0.825,3.3454916536808015,30.825046533346175,0.12591103315353394,6.957071429491043,86.16179177761077,89.50728343129158
82,"CVSC1 ('T',)",40.0,4.0,20.0,0.0,16.0,0.5,0.6,1.0,0.5556,0.0,0.4444,1.0,1.0,0.2,0.0,0.8,1.0,1.0,1.0,inf,0.8,inf,0.3333,0.4857,0.3333,0.19999999999999996,0.5556000000000001,0.4472,0.0,0.2,0.6,0.4,0.2,0.6,0.8441136837005615,3.402861076593399,0.02160927653312683,1.3484201788902284,38.64720241427422,39.491316097974774
83,"CVSC CNT2 ('C', 'D', 'B')",40.0,16.0,14.0,6.0,4.0,0.5,0.75,0.7273,0.7778,0.2727,0.2222,1.0,1.0,0.8,0.3,0.2,0.7,1.0,1.0,2.6667,0.2857,9.3339,0.7619,0.7452,0.5025,0.5,0.5051000000000001,0.7628,0.3798,0.6154,0.75,0.25,0.6154,0.75,0.8098669409751892,36.93663502931595,0.11506719589233398,6.092877686023712,70.29071146249771,71.1005784034729
84,"CVSC FMT ('C', 'B', 'T')",40.0,16.0,19.0,1.0,4.0,0.5,0.875,0.9412,0.8261,0.0588,0.1739,1.0,1.0,0.8,0.05,0.2,0.95,1.0,1.0,16.0,0.2105,76.0095,0.8649,0.8992,0.7586,0.75,0.7673000000000001,0.8677,0.2,0.7619,0.875,0.125,0.7619,0.875,2.346684831380844,22.448049819469453,0.09247891306877136,5.80870880484581,58.223665076494214,60.57034990787506
85,"CVSC MOG2 ('O', 'D', 'B', 'T')",40.0,11.0,20.0,0.0,9.0,0.5,0.775,1.0,0.6897,0.0,0.3103,1.0,1.0,0.55,0.0,0.45,1.0,1.0,1.0,inf,0.45,inf,0.7097,0.822,0.6159,0.55,0.6897,0.7416,0.0,0.55,0.775,0.225,0.55,0.775,1.0187435507774354,10.151217710971832,0.04131968021392822,1.3849588871002196,31.52666494846344,32.54540849924088
86,"CVSC1 ('O', 'B', 'T')",40.0,0.0,20.0,0.0,20.0,0.5,0.5,,0.5,,0.5,,1.0,0.0,0.0,1.0,1.0,1.0,1.0,,1.0,,,,,0.0,,,,0.0,0.5,0.5,0.0,0.5,0.643557333946228,0.0,0.0,0.0,31.060483831167222,31.70404116511345
87,"CVSC MOG2 ('C', 'O', 'B')",40.0,13.0,18.0,2.0,7.0,0.5,0.775,0.8667,0.72,0.1333,0.28,1.0,1.0,0.65,0.1,0.35,0.9,1.0,1.0,6.5,0.3889,16.7138,0.7429,0.7964,0.568,0.55,0.5867,0.7506,0.2817,0.5909,0.775,0.225,0.5909,0.775,1.60886852145195,16.133144390583038,0.0604878306388855,4.583074158430099,43.1855044901371,44.79437301158905
88,"CVSC FMT ('D',)",40.0,14.0,14.0,6.0,6.0,0.5,0.7,0.7,0.7,0.3,0.3,1.0,1.0,0.7,0.3,0.3,0.7,1.0,1.0,2.3333,0.4286,5.444,0.7,0.7,0.4,0.3999999999999999,0.3999999999999999,0.7,0.3956,0.5385,0.7,0.3,0.5385,0.7,3.798679941892624,52.042021822929385,0.9124480009078979,7.429413992166519,108.13724242448806,111.9359223663807
89,"CVSC1 ('C', 'O', 'D', 'T')",40.0,1.0,20.0,0.0,19.0,0.5,0.525,1.0,0.5128,0.0,0.4872,1.0,1.0,0.05,0.0,0.95,1.0,1.0,1.0,inf,0.95,inf,0.0952,0.1659,0.1601,0.050000000000000044,0.5127999999999999,0.2236,0.0,0.05,0.525,0.475,0.05,0.525,0.5881691753864289,0.698985469341278,0.0020712614059448242,0.142544025182724,26.094991797208785,26.683160972595214
90,"CVSC CNT2 ('C', 'O', 'D', 'B')",40.0,14.0,17.0,3.0,6.0,0.5,0.775,0.8235,0.7391,0.1765,0.2609,1.0,1.0,0.7,0.15,0.3,0.85,1.0,1.0,4.6667,0.3529,13.2239,0.7567,0.7868,0.5563,0.5499999999999998,0.5626,0.7592,0.3164,0.6087,0.775,0.225,0.6087,0.775,0.9814398348331451,24.057923203706743,0.12340174317359924,6.586615979671478,69.42076199650765,70.40220183134079
91,"CVSC MOG2 ('C', 'O', 'D', 'T')",40.0,16.0,18.0,2.0,4.0,0.5,0.85,0.8889,0.8182,0.1111,0.1818,1.0,1.0,0.8,0.1,0.2,0.9,1.0,1.0,8.0,0.2222,36.0036,0.8421,0.8635,0.7035,0.7000000000000002,0.7071000000000001,0.8433,0.2612,0.7273,0.85,0.15,0.7273,0.85,1.357192486524582,23.6570214509964,0.07373591661453247,4.614466679096222,50.19297416806221,51.55016665458679
92,"CVSC MOG2 ('O',)",40.0,6.0,20.0,0.0,14.0,0.5,0.65,1.0,0.5882,0.0,0.4118,1.0,1.0,0.3,0.0,0.7,1.0,1.0,1.0,inf,0.7,inf,0.4615,0.6182,0.4201,0.30000000000000004,0.5882000000000001,0.5477,0.0,0.3,0.65,0.35,0.3,0.65,0.7044993102550506,5.927503705024719,0.011721056699752808,0.8887494266033172,29.868033999204634,30.572533309459686
93,"CVSC CNT2 ('O', 'D', 'B', 'T')",40.0,0.0,20.0,0.0,20.0,0.5,0.5,,0.5,,0.5,,1.0,0.0,0.0,1.0,1.0,1.0,1.0,,1.0,,,,,0.0,,,,0.0,0.5,0.5,0.0,0.5,0.9503443539142609,0.0,0.0,0.0,31.148128509521484,32.098472863435745
94,"CVSC MOG2 ('O', 'D', 'T')",40.0,9.0,20.0,0.0,11.0,0.5,0.725,1.0,0.6452,0.0,0.3548,1.0,1.0,0.45,0.0,0.55,1.0,1.0,1.0,inf,0.55,inf,0.6207,0.7556,0.5388,0.44999999999999996,0.6452,0.6708,0.0,0.45,0.725,0.275,0.45,0.725,1.1236287117004395,8.140259248018264,0.044126111268997195,1.358385556936264,30.993318170309067,32.11694688200951
95,"CVSC FMT ('O', 'B', 'T')",40.0,10.0,20.0,0.0,10.0,0.5,0.75,1.0,0.6667,0.0,0.3333,1.0,1.0,0.5,0.0,0.5,1.0,1.0,1.0,inf,0.5,inf,0.6667,0.7907,0.5774,0.5,0.6667000000000001,0.7071,0.0,0.5,0.75,0.25,0.5,0.75,3.7626473128795626,13.310554039478301,0.10875480771064758,5.486638081073761,50.94828653931618,54.71093385219574
96,"CVSC CNT2 ('C', 'B')",40.0,16.0,16.0,4.0,4.0,0.5,0.8,0.8,0.8,0.2,0.2,1.0,1.0,0.8,0.2,0.2,0.8,1.0,1.0,4.0,0.25,16.0,0.8,0.8,0.6,0.6000000000000001,0.6000000000000001,0.8,0.3333,0.6667,0.8,0.2,0.6667,0.8,0.8629017293453216,38.95616000890732,0.09145740866661071,6.580899631977081,78.8872824728489,79.75018420219422
97,"CVSC FMT ('C', 'O')",40.0,14.0,14.0,6.0,6.0,0.5,0.7,0.7,0.7,0.3,0.3,1.0,1.0,0.7,0.3,0.3,0.7,1.0,1.0,2.3333,0.4286,5.444,0.7,0.7,0.4,0.3999999999999999,0.3999999999999999,0.7,0.3956,0.5385,0.7,0.3,0.5385,0.7,3.466602975130081,55.10221462845802,0.6261582255363465,6.5967305362224575,110.28891487121582,113.7555178463459
98,"CVSC1 ('O', 'B')",40.0,11.0,15.0,5.0,9.0,0.5,0.65,0.6875,0.625,0.3125,0.375,1.0,1.0,0.55,0.25,0.45,0.75,1.0,1.0,2.2,0.6,3.6667,0.6111,0.6448,0.3062,0.30000000000000004,0.3125,0.6149,0.4027,0.44,0.65,0.35,0.44,0.65,1.1204473972320557,51.60571908354759,0.18440179228782655,7.424094039201736,101.48146511912346,102.60191251635551
99,"CVSC FMT ('O', 'D', 'B', 'T')",40.0,8.0,20.0,0.0,12.0,0.5,0.7,1.0,0.625,0.0,0.375,1.0,1.0,0.4,0.0,0.6,1.0,1.0,1.0,inf,0.6,inf,0.5714,0.7158,0.5,0.3999999999999999,0.625,0.6325,0.0,0.4,0.7,0.3,0.4,0.7,1.93525088429451,11.174572253227234,0.05393609404563904,2.6910060465335848,44.83608202934265,46.77133291363716
100,"CVSC FMT ('C', 'T')",40.0,14.0,19.0,1.0,6.0,0.5,0.825,0.9333,0.76,0.0667,0.24,1.0,1.0,0.7,0.05,0.3,0.95,1.0,1.0,14.0,0.3158,44.3319,0.8,0.8576,0.6713,0.6499999999999999,0.6933,0.8083,0.2109,0.6667,0.825,0.175,0.6667,0.825,1.4157584369182588,23.544428956508636,0.0685291349887848,3.36622896194458,58.41745637655258,59.83321481347084
101,"CVSC FMT ('D', 'B')",40.0,14.0,14.0,6.0,6.0,0.5,0.7,0.7,0.7,0.3,0.3,1.0,1.0,0.7,0.3,0.3,0.7,1.0,1.0,2.3333,0.4286,5.444,0.7,0.7,0.4,0.3999999999999999,0.3999999999999999,0.7,0.3956,0.5385,0.7,0.3,0.5385,0.7,3.4416356146335603,57.44951969385147,0.3296533703804016,10.294689321517945,116.03169603347779,119.47333164811134
102,"CVSC FMT ('C', 'B')",40.0,14.0,14.0,6.0,6.0,0.5,0.7,0.7,0.7,0.3,0.3,1.0,1.0,0.7,0.3,0.3,0.7,1.0,1.0,2.3333,0.4286,5.444,0.7,0.7,0.4,0.3999999999999999,0.3999999999999999,0.7,0.3956,0.5385,0.7,0.3,0.5385,0.7,1.7433237493038178,49.13244549632073,0.25279245972633363,4.3285165429115295,97.33031135201455,99.07363510131836
103,"CVSC FMT ('O', 'T')",40.0,9.0,20.0,0.0,11.0,0.5,0.725,1.0,0.6452,0.0,0.3548,1.0,1.0,0.45,0.0,0.55,1.0,1.0,1.0,inf,0.55,inf,0.6207,0.7556,0.5388,0.44999999999999996,0.6452,0.6708,0.0,0.45,0.725,0.275,0.45,0.725,2.418568825721741,10.588410484790803,0.05920062661170959,3.3822311103343963,41.69009058475494,44.10865941047668
104,"CVSC CNT2 ('C', 'D', 'B', 'T')",40.0,0.0,20.0,0.0,20.0,0.5,0.5,,0.5,,0.5,,1.0,0.0,0.0,1.0,1.0,1.0,1.0,,1.0,,,,,0.0,,,,0.0,0.5,0.5,0.0,0.5,0.7837326943874359,0.0,0.0,0.0,29.687515759468077,30.471248453855516
105,"CVSC1 ('C', 'O')",40.0,13.0,14.0,6.0,7.0,0.5,0.675,0.6842,0.6667,0.3158,0.3333,1.0,1.0,0.65,0.3,0.35,0.7,1.0,1.0,2.1667,0.5,4.3334,0.6667,0.6748,0.3504,0.3500000000000001,0.3509,0.6669,0.4045,0.5,0.675,0.325,0.5,0.675,1.156178730726242,45.14980494976044,0.17195737957954407,3.482739454507828,87.4095805644989,88.56575929522515
106,"CVSC1 ('C', 'O', 'B')",40.0,11.0,16.0,4.0,9.0,0.5,0.675,0.7333,0.64,0.2667,0.36,1.0,1.0,0.55,0.2,0.45,0.8,1.0,1.0,2.75,0.5625,4.8889,0.6286,0.6739,0.3615,0.3500000000000001,0.37329999999999997,0.6351,0.3762,0.4583,0.675,0.325,0.4583,0.675,1.143599373102188,45.18128153681755,0.1552663564682007,5.171794229745865,93.12564331889152,94.26924269199371
107,"CVSC MOG2 ('C',)",40.0,14.0,15.0,5.0,6.0,0.5,0.725,0.7368,0.7143,0.2632,0.2857,1.0,1.0,0.7,0.25,0.3,0.75,1.0,1.0,2.8,0.4,7.0,0.7179,0.7267,0.4506,0.44999999999999996,0.45110000000000006,0.7182,0.3741,0.56,0.725,0.275,0.56,0.725,0.9766058921813965,21.182492566108703,0.10989954471588134,2.619390970468521,43.07385756969452,44.050463461875914
108,"CVSC MOG2 ('C', 'D', 'T')",40.0,17.0,16.0,4.0,3.0,0.5,0.825,0.8095,0.8421,0.1905,0.1579,1.0,1.0,0.85,0.2,0.15,0.8,1.0,1.0,4.25,0.1875,22.6667,0.8293,0.8198,0.6508,0.6499999999999999,0.6516,0.8295,0.3266,0.7083,0.825,0.175,0.7083,0.825,2.009928846359253,27.771940648555756,0.20900993943214416,7.510306000709534,55.07405699491501,57.08398584127426
109,"CVSC FMT ('C', 'O', 'D', 'B', 'T')",40.0,13.0,19.0,1.0,7.0,0.5,0.8,0.9286,0.7308,0.0714,0.2692,1.0,1.0,0.65,0.05,0.35,0.95,1.0,1.0,13.0,0.3684,35.2877,0.7647,0.834,0.629,0.6000000000000001,0.6594,0.7769,0.2171,0.619,0.8,0.2,0.619,0.8,2.907712680101395,20.707104921340942,0.06762292385101318,4.545017194747925,68.4916761636734,71.3993888437748
110,"CVSC1 ('C', 'B')",40.0,13.0,16.0,4.0,7.0,0.5,0.725,0.7647,0.6957,0.2353,0.3043,1.0,1.0,0.65,0.2,0.35,0.8,1.0,1.0,3.25,0.4375,7.4286,0.7027,0.7306,0.4551,0.4500000000000002,0.4603999999999999,0.705,0.3568,0.5417,0.725,0.275,0.5417,0.725,1.0644973814487457,42.57633951306343,0.16132718324661255,4.929062640666961,93.39307116270065,94.4575685441494
111,"CVSC CNT2 ('O', 'B', 'T')",40.0,1.0,19.0,1.0,19.0,0.5,0.5,0.5,0.5,0.5,0.5,1.0,1.0,0.05,0.05,0.95,0.95,1.0,1.0,1.0,1.0,1.0,0.0909,0.1478,0.0,0.0,0.0,0.1581,0.5,0.0476,0.5,0.5,0.0476,0.5,0.7826158702373505,2.1970565795898436,0.019790762662887575,0.8249216496944427,38.551950711011884,39.334566581249234
112,"CVSC1 ('C', 'O', 'D', 'B')",40.0,11.0,17.0,3.0,9.0,0.5,0.7,0.7857,0.6538,0.2143,0.3462,1.0,1.0,0.55,0.15,0.45,0.85,1.0,1.0,3.6667,0.5294,6.9261,0.6471,0.7057,0.4193,0.3999999999999999,0.4395,0.6574,0.3431,0.4783,0.7,0.3,0.4783,0.7,1.0611506819725036,42.22763162255287,0.14232105612754822,3.332106816768646,86.2905892431736,87.3517399251461
113,"CVSC1 ('C', 'B', 'T')",40.0,0.0,20.0,0.0,20.0,0.5,0.5,,0.5,,0.5,,1.0,0.0,0.0,1.0,1.0,1.0,1.0,,1.0,,,,,0.0,,,,0.0,0.5,0.5,0.0,0.5,0.7611111342906952,0.0,0.0,0.0,34.5278024494648,35.288913583755495
114,CVSC CNT2 0,40.0,19.0,14.0,6.0,1.0,0.5,0.825,0.76,0.9333,0.24,0.0667,1.0,1.0,0.95,0.3,0.05,0.7,1.0,1.0,3.1667,0.0714,44.3515,0.8444,0.8025,0.6713,0.6499999999999999,0.6933,0.8497,0.3598,0.7308,0.825,0.175,0.7308,0.825,1.1076258361339568,59.058786356449126,0.22257972955703736,5.291098701953888,98.4760133087635,99.58363914489746
115,"CVSC CNT2 ('O', 'D', 'T')",40.0,2.0,20.0,0.0,18.0,0.5,0.55,1.0,0.5263,0.0,0.4737,1.0,1.0,0.1,0.0,0.9,1.0,1.0,1.0,inf,0.9,inf,0.1818,0.2957,0.2294,0.10000000000000009,0.5263,0.3162,0.0,0.1,0.55,0.45,0.1,0.55,0.6959928393363952,1.74920454621315,0.013781946897506715,0.7276265680789947,34.2995634496212,34.995556288957594
116,"CVSC FMT ('O', 'D')",40.0,16.0,12.0,8.0,4.0,0.5,0.7,0.6667,0.75,0.3333,0.25,1.0,1.0,0.8,0.4,0.2,0.6,1.0,1.0,2.0,0.3333,6.0006,0.7273,0.6975,0.4082,0.3999999999999999,0.41670000000000007,0.7303,0.4142,0.5714,0.7,0.3,0.5714,0.7,2.528958058357239,44.007884830236435,0.32797752022743226,6.424640029668808,86.95513172745704,89.48408978581429
117,"CVSC CNT2 ('O', 'D', 'B')",40.0,15.0,16.0,4.0,5.0,0.5,0.775,0.7895,0.7619,0.2105,0.2381,1.0,1.0,0.75,0.2,0.25,0.8,1.0,1.0,3.75,0.3125,12.0,0.7692,0.7786,0.5507,0.55,0.5514000000000001,0.7695,0.3405,0.625,0.775,0.225,0.625,0.775,0.8899168312549591,30.323502594232558,0.11683934926986694,6.555285340547561,71.89664089679718,72.78655772805214
118,"CVSC MOG2 ('O', 'D', 'B')",40.0,11.0,20.0,0.0,9.0,0.5,0.775,1.0,0.6897,0.0,0.3103,1.0,1.0,0.55,0.0,0.45,1.0,1.0,1.0,inf,0.45,inf,0.7097,0.822,0.6159,0.55,0.6897,0.7416,0.0,0.55,0.775,0.225,0.55,0.775,1.7153442442417144,11.098908263444901,0.06580702662467956,4.501455599069596,38.92929400801658,40.644638252258304
119,"CVSC MOG2 ('O', 'B', 'T')",40.0,7.0,20.0,0.0,13.0,0.5,0.675,1.0,0.6061,0.0,0.3939,1.0,1.0,0.35,0.0,0.65,1.0,1.0,1.0,inf,0.65,inf,0.5185,0.6704,0.4606,0.3500000000000001,0.6061000000000001,0.5916,0.0,0.35,0.675,0.325,0.35,0.675,0.9686827421188354,6.582793217897415,0.014314937591552734,1.0152781307697296,30.044182646274567,31.0128653883934
120,"CVSC MOG2 ('O', 'D')",40.0,9.0,20.0,0.0,11.0,0.5,0.725,1.0,0.6452,0.0,0.3548,1.0,1.0,0.45,0.0,0.55,1.0,1.0,1.0,inf,0.55,inf,0.6207,0.7556,0.5388,0.44999999999999996,0.6452,0.6708,0.0,0.45,0.725,0.275,0.45,0.725,1.0983715116977693,8.403465628623962,0.05561966300010681,2.5486548244953156,33.43139299750328,34.52976450920105
121,"CVSC MOG2 ('C', 'O', 'D', 'B')",40.0,16.0,18.0,2.0,4.0,0.5,0.85,0.8889,0.8182,0.1111,0.1818,1.0,1.0,0.8,0.1,0.2,0.9,1.0,1.0,8.0,0.2222,36.0036,0.8421,0.8635,0.7035,0.7000000000000002,0.7071000000000001,0.8433,0.2612,0.7273,0.85,0.15,0.7273,0.85,1.4439894795417785,22.348496305942536,0.084718519449234,3.8589854001998902,50.25078213214874,51.69477161169052
122,"CVSC MOG2 ('C', 'D', 'B', 'T')",40.0,18.0,17.0,3.0,2.0,0.5,0.875,0.8571,0.8947,0.1429,0.1053,1.0,1.0,0.9,0.15,0.1,0.85,1.0,1.0,6.0,0.1176,51.0204,0.878,0.8681,0.7509,0.75,0.7518,0.8783,0.2899,0.7826,0.875,0.125,0.7826,0.875,2.145774006843567,28.64226363301277,0.2540194451808929,8.22577781677246,62.03891166448593,64.1846856713295
123,"CVSC CNT2 ('D', 'B', 'T')",40.0,0.0,20.0,0.0,20.0,0.5,0.5,,0.5,,0.5,,1.0,0.0,0.0,1.0,1.0,1.0,1.0,,1.0,,,,,0.0,,,,0.0,0.5,0.5,0.0,0.5,0.7894900858402252,0.0,0.0,0.0,29.039125287532805,29.828615373373033
124,"CVSC MOG2 ('C', 'B', 'T')",40.0,14.0,17.0,3.0,6.0,0.5,0.775,0.8235,0.7391,0.1765,0.2609,1.0,1.0,0.7,0.15,0.3,0.85,1.0,1.0,4.6667,0.3529,13.2239,0.7567,0.7868,0.5563,0.5499999999999998,0.5626,0.7592,0.3164,0.6087,0.775,0.225,0.6087,0.775,1.9505658209323884,21.729905807971953,0.1285538673400879,7.320071661472321,55.70745415687561,57.658019977807996
125,"CVSC MOG2 ('D',)",40.0,17.0,16.0,4.0,3.0,0.5,0.825,0.8095,0.8421,0.1905,0.1579,1.0,1.0,0.85,0.2,0.15,0.8,1.0,1.0,4.25,0.1875,22.6667,0.8293,0.8198,0.6508,0.6499999999999999,0.6516,0.8295,0.3266,0.7083,0.825,0.175,0.7083,0.825,1.0403428375720978,25.581885945796966,0.15319313406944274,3.897059202194214,46.79306682944298,47.833409667015076
126,"CVSC1 ('B',)",40.0,12.0,14.0,6.0,8.0,0.5,0.65,0.6667,0.6364,0.3333,0.3636,1.0,1.0,0.6,0.3,0.4,0.7,1.0,1.0,2.0,0.5714,3.5002,0.6316,0.6476,0.3015,0.2999999999999998,0.3030999999999999,0.6325,0.4142,0.4615,0.65,0.35,0.4615,0.65,1.1584701418876648,53.41638980507851,0.2082628130912781,7.52496412396431,106.13532653450966,107.29379667639732
127,"CVSC MOG2 ('D', 'B', 'T')",40.0,16.0,17.0,3.0,4.0,0.5,0.825,0.8421,0.8095,0.1579,0.1905,1.0,1.0,0.8,0.15,0.2,0.85,1.0,1.0,5.3333,0.2353,22.666,0.8205,0.8305,0.6508,0.6499999999999999,0.6516,0.8208,0.3022,0.6957,0.825,0.175,0.6957,0.825,1.5303889572620393,22.060784143209457,0.12938877940177917,3.2905209183692934,49.320261120796204,50.850650078058244
